,Unnamed: 0,Fund Name,Date,Name of Stock,Type,Value,Shares
0,885.0,ADVANCE_CAPITAL_I_INC,2015-08-03,FMC CORP,COMMON STOCK,815.0,15500.0
1,1826.0,ADVANCE_CAPITAL_I_INC,2014-02-06,CORRECTIONS CORP,COMMON STOCK,673.0,21000.0
2,1857.0,ADVANCE_CAPITAL_I_INC,2014-02-06,FIRST NIAGARA FINANC,COMMON STOCK,662.0,62300.0
3,1375.0,ADVANCE_CAPITAL_I_INC,2014-11-07,GENPACT LTD,COMMON STOCK,1461.0,89500.0
5,1671.0,ADVANCE_CAPITAL_I_INC,2014-05-15,INGREDION INC,COMMON STOCK,1110.0,16300.0
7,1857.0,ADVANCE_CAPITAL_I_INC,2012-02-02,UNITED TECHNOLOGIES CORP,COMMONSTOCK,621.0,8500.0
8,1512.0,ADVANCE_CAPITAL_I_INC,2014-08-05,HERBALIFE LTD,COMMON STOCK,1555.0,24100.0
17,887.0,ADVANCE_CAPITAL_I_INC,2015-08-03,FOREST CITY ENTERPRI,COMMON STOCK,557.0,25200.0
18,556.0,ADVANCE_CAPITAL_I_INC,2016-02-08,L-3 COMMUNICATIONS,COMMON STOCK,562.0,4700.0
19,1726.0,ADVANCE_CAPITAL_I_INC,2014-05-15,ROVI CORP,COMMON STOCK,1246.0,54700.0
20,1948.0,ADVANCE_CAPITAL_I_INC,2014-02-06,PTC INC,COMMON STOCK,793.0,22400.0
22,194.0,ADVANCE_CAPITAL_I_INC,2013-05-01,ENDO PHARMACEUTICALS,COMMONSTOCK,1593.0,51800.0
23,1292.0,ADVANCE_CAPITAL_I_INC,2015-02-05,REGAL BELOIT CORP,COMMON STOCK,1083.0,14400.0
24,1800.0,ADVANCE_CAPITAL_I_INC,2014-02-06,CAMPUS CREST COMM,COMMON STOCK,598.0,63500.0
25,781.0,ADVANCE_CAPITAL_I_INC,2015-10-27,HOST HOTELS & RESORT,COMMON STOCK,255.0,16100.0
26,1339.0,ADVANCE_CAPITAL_I_INC,2014-11-07,ALLSTATE CORP,COMMON STOCK,1780.0,29000.0
28,1947.0,ADVANCE_CAPITAL_I_INC,2014-02-06,PERRIGO CO PLC,COMMON STOCK,1136.0,7400.0
30,448.0,ADVANCE_CAPITAL_I_INC,2016-05-09,SANTANDER CONSUMER,COMMON STOCK,113.0,10800.0
34,1895.0,ADVANCE_CAPITAL_I_INC,2014-02-06,KILROY REALTY CORP,COMMON STOCK,612.0,12200.0
35,386.0,ADVANCE_CAPITAL_I_INC,2016-05-09,DAVITA INC,COMMON STOCK,462.0,6300.0
37,1830.0,ADVANCE_CAPITAL_I_INC,2012-02-02,MERCK & CO. INC.,COMMONSTOCK,3766.0,99900.0
39,1969.0,ADVANCE_CAPITAL_I_INC,2014-02-06,SL GREEN REALTY CORP,COMMON STOCK,637.0,6900.0
40,1092.0,ADVANCE_CAPITAL_I_INC,2015-05-07,KEMPER CORP,COMMON STOCK,966.0,24800.0
45,1464.0,ADVANCE_CAPITAL_I_INC,2012-08-09,WRIGHT EXPRESS CORP,COMMONSTOCK,617.0,10000.0
46,157.0,ADVANCE_CAPITAL_I_INC,2013-05-01,CAPITAL ONE FINANCIA,COMMONSTOCK,1643.0,29900.0
48,641.0,ADVANCE_CAPITAL_I_INC,2015-10-27,BRANDYWINE REALTY,COMMON STOCK,389.0,31600.0
49,764.0,ADVANCE_CAPITAL_I_INC,2015-10-27,BAXALTA INC,COMMON STOCK,239.0,7600.0
50,1277.0,ADVANCE_CAPITAL_I_INC,2012-08-09,HILL-ROM HOLDINGS,COMMONSTOCK,201.0,6500.0
51,2013.0,ADVANCE_CAPITAL_I_INC,2014-02-06,VISA INC,COMMON STOCK,1948.0,8750.0
52,332.0,ADVANCE_CAPITAL_I_INC,2013-05-01,PLAINS EXPLORATION,COMMONSTOCK,460.0,9700.0
56,589.0,ADVANCE_CAPITAL_I_INC,2016-02-08,REALOGY HOLDINGS,COMMON STOCK,297.0,8100.0
57,1594.0,ADVANCE_CAPITAL_I_INC,2014-05-15,ACE LTD,COMMON STOCK,1258.0,12700.0
60,91.0,Adirondack_Funds,2013-05-06,VASCULAR SOLUTIONS INC,COM,891.0,54917.0
64,1689.0,ADVANCE_CAPITAL_I_INC,2014-05-15,LAM RESEARCH CORP,COMMON STOCK,1287.0,23400.0
65,765.0,ADVANCE_CAPITAL_I_INC,2015-10-27,BIOMED REALTY TRUST,COMMON STOCK,338.0,16900.0
66,1656.0,ADVANCE_CAPITAL_I_INC,2014-05-15,GATX CORP,COMMON STOCK,1459.0,21500.0
68,198.0,ADVANCE_CAPITAL_I_INC,2013-05-01,EDWARDS LIFESCIENCES,COMMONSTOCK,633.0,7700.0
70,500.0,ADVANCE_CAPITAL_I_INC,2016-02-08,CF INDUSTRIES,COMMON STOCK,306.0,7500.0
72,1642.0,ADVANCE_CAPITAL_I_INC,2014-05-15,ENERGEN CORP,COMMON STOCK,1317.0,16300.0
74,207.0,ADVANCE_CAPITAL_I_INC,2013-05-01,F5 NETWORKS INC,COMMONSTOCK,548.0,6150.0
76,1858.0,ADVANCE_CAPITAL_I_INC,2012-02-02,UNITEDHEALTH GROUP INC,COMMONSTOCK,841.0,16600.0
78,1625.0,ADVANCE_CAPITAL_I_INC,2014-05-15,CONSOL ENERGY INC,COMMON STOCK,903.0,22600.0
80,946.0,ADVANCE_CAPITAL_I_INC,2015-08-03,NEXTERA ENERGY INC,COMMON STOCK,843.0,8600.0
81,1286.0,ADVANCE_CAPITAL_I_INC,2015-02-05,PHILLIPS 66,COMMON STOCK,1319.0,18400.0
82,1979.0,ADVANCE_CAPITAL_I_INC,2014-02-06,AT&T,COMMON STOCK,383.0,10890.0
84,70.0,Adirondack_Funds,2013-05-06,OMEGA PROTEIN CORP,COM,2105.0,195806.0
85,1645.0,ADVANCE_CAPITAL_I_INC,2014-05-15,ENSCO PLC,COMMON STOCK,918.0,17400.0
86,2012.0,ADVANCE_CAPITAL_I_INC,2014-02-06,UNIVERSAL CORP,COMMON STOCK,688.0,12600.0
88,1851.0,ADVANCE_CAPITAL_I_INC,2012-02-02,TARGET CORP,COMMONSTOCK,907.0,17700.0
90,1173.0,ADVANCE_CAPITAL_I_INC,2015-05-07,WADDEL & REED FINANCIAL CLASS A,COMMON STOCK,902.0,18200.0
91,1450.0,ADVANCE_CAPITAL_I_INC,2014-11-07,VALIDUS HOLDINGS,COMMON STOCK,1616.0,41300.0
92,2386.0,ADVANCE_CAPITAL_I_INC,2013-10-21,ZEBRA TECHNOLOGIES,COMMON STOCK,228.0,5000.0
94,2297.0,ADVANCE_CAPITAL_I_INC,2013-10-21,RELIANCE STEEL & ALU,COMMON STOCK,535.0,7300.0
98,1787.0,ADVANCE_CAPITAL_I_INC,2014-02-06,Bill Barrett Corp,COMMON STOCK,603.0,22500.0
99,1912.0,ADVANCE_CAPITAL_I_INC,2014-02-06,MERCK & COMPANY INC.,COMMON STOCK,845.0,16890.0
100,2228.0,ADVANCE_CAPITAL_I_INC,2013-10-21,MICROS SYSTEMS INC,COMMON STOCK,360.0,7200.0
101,65.0,Adirondack_Funds,2013-05-06,MONTPELIER RE HOLDINGS LTD,SHS,1500.0,57600.0
102,1447.0,ADVANCE_CAPITAL_I_INC,2014-11-07,VARIAN MEDICAL SYSTE,COMMON STOCK,1474.0,18400.0
103,1153.0,ADVANCE_CAPITAL_I_INC,2015-05-07,STEEL DYNAMICS,COMMON STOCK,919.0,45700.0
105,1737.0,ADVANCE_CAPITAL_I_INC,2014-05-15,TELEPHONE & DATA SYS INC,COMMON STOCK,1096.0,41800.0
107,1849.0,ADVANCE_CAPITAL_I_INC,2012-02-02,STAPLES INC,COMMONSTOCK,479.0,34500.0
110,1860.0,ADVANCE_CAPITAL_I_INC,2012-02-02,VERIZON COMMUNICATIONS INC,COMMONSTOCK,895.0,22300.0
111,466.0,ADVANCE_CAPITAL_I_INC,2016-05-09,VERIZON COMM,COMMON STOCK,1731.0,32000.0
112,1429.0,ADVANCE_CAPITAL_I_INC,2014-11-07,ROSETTA RESOURCES,COMMON STOCK,1323.0,29700.0
114,1139.0,ADVANCE_CAPITAL_I_INC,2015-05-07,RPC INC,COMMON STOCK,201.0,15700.0
115,1192.0,ADVANCE_CAPITAL_I_INC,2015-02-05,ASHLAND INC.,COMMON STOCK,1461.0,12200.0
116,2190.0,ADVANCE_CAPITAL_I_INC,2013-10-21,INTERDIGITAL INC,COMMON STOCK,261.0,7000.0
119,1629.0,ADVANCE_CAPITAL_I_INC,2014-05-15,SALESFORCE COM INC,COMMON STOCK,1170.0,20500.0
120,929.0,ADVANCE_CAPITAL_I_INC,2015-08-03,MARVELL TECHNOLOGY,COMMON STOCK,1204.0,91300.0
122,2249.0,ADVANCE_CAPITAL_I_INC,2013-10-21,NATIONAL RETAIL PROP,COMMON STOCK,226.0,7100.0
123,7.0,Adirondack_Funds,2013-05-06,ALTEVA,COM,201.0,21875.0
124,1243.0,ADVANCE_CAPITAL_I_INC,2015-02-05,INGERSOLL-RAND PLC,COMMON STOCK,1401.0,22100.0
126,709.0,ADVANCE_CAPITAL_I_INC,2015-10-27,OCEANEERING INTERNAT,COMMON STOCK,365.0,9300.0
128,2141.0,ADVANCE_CAPITAL_I_INC,2013-10-21,ESTERLINE TECH,COMMON STOCK,240.0,3000.0
129,2073.0,ADVANCE_CAPITAL_I_INC,2013-10-21,BROADRIDGE FINANCIAL SOLUTION,COMMON STOCK,365.0,11500.0
130,443.0,ADVANCE_CAPITAL_I_INC,2013-02-08,ACCENTURE LTD,COMMONSTOCK,319.0,4800.0
131,2050.0,ADVANCE_CAPITAL_I_INC,2013-10-21,AMETEK INC,COMMON STOCK,1045.0,22700.0
133,2564.0,ADVANCE_CAPITAL_I_INC,2013-08-13,Masimo Corp,COMMON STOCK,214.0,10100.0
134,2022.0,ADVANCE_CAPITAL_I_INC,2014-02-06,WELLS FARGO,COMMON STOCK,627.0,13800.0
135,1998.0,ADVANCE_CAPITAL_I_INC,2014-02-06,TIME WARNER INC,COMMON STOCK,900.0,12910.0
137,2044.0,ADVANCE_CAPITAL_I_INC,2013-10-21,APOLLO INVESTMENT CO,COMMON STOCK,300.0,36800.0
141,2183.0,ADVANCE_CAPITAL_I_INC,2013-10-21,HOSPITALITY PROPERTI,COMMON STOCK,362.0,12800.0
142,1767.0,ADVANCE_CAPITAL_I_INC,2014-02-06,AGCO CO,COMMON STOCK,882.0,14900.0
144,1115.0,ADVANCE_CAPITAL_I_INC,2015-05-07,MINERALS TECHNOLOGIE,COMMON STOCK,709.0,9700.0
146,1628.0,ADVANCE_CAPITAL_I_INC,2014-05-15,COMPUWARE CORP,COMMON STOCK,1048.0,99800.0
148,579.0,ADVANCE_CAPITAL_I_INC,2016-02-08,ONEMAIN HOLDINGS,COMMON STOCK,287.0,6900.0
150,1353.0,ADVANCE_CAPITAL_I_INC,2014-11-07,CHEESECAKE FACTORY,COMMON STOCK,1142.0,25100.0
151,424.0,ADVANCE_CAPITAL_I_INC,2013-05-01,WADDEL & REED FINANC,COMMONSTOCK,359.0,8200.0
152,1728.0,ADVANCE_CAPITAL_I_INC,2014-05-15,STARBUCKS CORP,COMMON STOCK,1203.0,16400.0
153,103.0,ADVANCE_CAPITAL_I_INC,2013-05-01,AUTOMATIC DATA PROCE,COMMONSTOCK,438.0,6740.0
156,676.0,ADVANCE_CAPITAL_I_INC,2015-10-27,HEWLETT PACKARD,COMMON STOCK,474.0,18500.0
157,730.0,ADVANCE_CAPITAL_I_INC,2015-10-27,TAUBMAN CENTERS INC,COMMON STOCK,318.0,4600.0
160,956.0,ADVANCE_CAPITAL_I_INC,2015-08-03,PIEDMONT OFFICE,COMMON STOCK,457.0,26000.0
161,1080.0,ADVANCE_CAPITAL_I_INC,2015-05-07,HELIX ENERGY SOLUTIONS GROUP,COMMON STOCK,612.0,40900.0
162,2074.0,ADVANCE_CAPITAL_I_INC,2013-10-21,BRE PROPERTIES INC,COMMON STOCK,371.0,7300.0
164,1755.0,ADVANCE_CAPITAL_I_INC,2014-05-15,AQUA AMERICA INC,COMMON STOCK,1211.0,48300.0
166,282.0,ADVANCE_CAPITAL_I_INC,2016-08-09,LIFEPOINT HOSPITALS,COMMON STOCK,261.0,4000.0
167,319.0,ADVANCE_CAPITAL_I_INC,2016-08-09,STARWOOD PROPERTY,COMMON STOCK,309.0,14900.0
168,1434.0,ADVANCE_CAPITAL_I_INC,2014-11-07,SCOTTS MIRACLE-GRO C,COMMON STOCK,1496.0,27200.0
169,322.0,ADVANCE_CAPITAL_I_INC,2016-08-09,TCF FINANCIAL CORP,COMMON STOCK,288.0,22800.0
170,1739.0,ADVANCE_CAPITAL_I_INC,2014-05-15,TERADYNE INC,COMMON STOCK,1253.0,63000.0
175,304.0,ADVANCE_CAPITAL_I_INC,2016-08-09,POLYCOM,COMMON STOCK,258.0,22900.0
176,1878.0,ADVANCE_CAPITAL_I_INC,2014-02-06,IBM,COMMON STOCK,1478.0,7880.0
180,2645.0,ADVANCE_CAPITAL_I_INC,2013-08-13,SMITHFIELD FOODS INC,COMMON STOCK,396.0,12100.0
181,335.0,ADVANCE_CAPITAL_I_INC,2016-08-09,UNION PACIFIC CORP,COMMON STOCK,715.0,8200.0
184,1674.0,ADVANCE_CAPITAL_I_INC,2012-05-15,MARTIN MARIETTA MATE,COMMONSTOCK,428.0,5000.0
187,1430.0,ADVANCE_CAPITAL_I_INC,2014-11-07,ROSS STORES,COMMON STOCK,1247.0,16500.0
191,1062.0,ADVANCE_CAPITAL_I_INC,2015-05-07,EOG RESOURCES INC,COMMON STOCK,1192.0,13000.0
192,2362.0,ADVANCE_CAPITAL_I_INC,2013-10-21,VALLEY NATIONAL BANC,COMMON STOCK,192.0,19300.0
193,1151.0,ADVANCE_CAPITAL_I_INC,2012-08-09,APPLIED MATERIAL,COMMONSTOCK,135.0,11800.0
194,1352.0,ADVANCE_CAPITAL_I_INC,2014-11-07,CONAGRA INC,COMMON STOCK,2095.0,63400.0
196,2338.0,ADVANCE_CAPITAL_I_INC,2013-10-21,Trimble Navigation,COMMON STOCK,710.0,23900.0
197,604.0,ADVANCE_CAPITAL_I_INC,2016-02-08,THOR INDUSTRIES INC,COMMON STOCK,331.0,5900.0
198,97.0,Adirondack_Funds,2015-11-10,VISTEON CORP,COM NEW,2236.0,22088.0
200,1314.0,ADVANCE_CAPITAL_I_INC,2012-08-09,LINCARE HOLDINGS IN,COMMONSTOCK,320.0,9400.0
202,710.0,ADVANCE_CAPITAL_I_INC,2013-02-08,SILICON VALLEY BANCS,COMMONSTOCK,252.0,4500.0
203,2385.0,ADVANCE_CAPITAL_I_INC,2013-10-21,ALLEGHANY CORP,COMMON STOCK,451.0,1100.0
208,223.0,ADVANCE_CAPITAL_I_INC,2016-08-09,BIG LOTS INC,COMMON STOCK,215.0,4300.0
209,1092.0,ADVANCE_CAPITAL_I_INC,2012-11-07,TEXAS INSTRUMENTS,COMMONSTOCK,444.0,16100.0
210,1235.0,ADVANCE_CAPITAL_I_INC,2015-02-05,HANOVER INSURANCE,COMMON STOCK,1084.0,15200.0
212,1793.0,ADVANCE_CAPITAL_I_INC,2014-02-06,BOB EVANS FARMS,COMMON STOCK,592.0,11700.0
215,347.0,ADVANCE_CAPITAL_I_INC,2016-05-09,AMERICAN AIRLINES,COMMON STOCK,427.0,10400.0
216,1891.0,ADVANCE_CAPITAL_I_INC,2014-02-06,JP MORGAN CHASE & CO.,COMMON STOCK,1272.0,21750.0
217,132.0,ADVANCE_CAPITAL_I_INC,2013-05-01,FRANKLIN RESOURCES,COMMONSTOCK,893.0,5920.0
219,1751.0,ADVANCE_CAPITAL_I_INC,2014-05-15,VCA ANTECH INC,COMMON STOCK,1144.0,35500.0
220,83.0,Adirondack_Funds,2013-05-06,SPRINT NEXTEL CORP,COM SER 1,259.0,41700.0
221,358.0,ADVANCE_CAPITAL_I_INC,2016-05-09,ATWOOD OCEANICS INC,COMMON STOCK,160.0,17500.0
223,311.0,ADVANCE_CAPITAL_I_INC,2016-08-09,REGIONS FINANCIAL CORP,COMMON STOCK,300.0,35300.0
224,426.0,ADVANCE_CAPITAL_I_INC,2013-05-01,WASTE MANAGEMENT,COMMONSTOCK,443.0,11300.0
226,1752.0,ADVANCE_CAPITAL_I_INC,2014-05-15,WESTAR ENERGY INC,COMMON STOCK,1210.0,34400.0
229,974.0,ADVANCE_CAPITAL_I_INC,2015-08-03,Southwestern Energy,COMMON STOCK,1282.0,56400.0
232,2159.0,ADVANCE_CAPITAL_I_INC,2013-10-21,FEDERAL REALTY INVES,COMMON STOCK,609.0,6000.0
233,235.0,ADVANCE_CAPITAL_I_INC,2016-08-09,COMCAST CORP,COMMON STOCK,580.0,8900.0
234,748.0,ADVANCE_CAPITAL_I_INC,2015-10-27,WESTERN REFINING,COMMON STOCK,415.0,9400.0
237,1914.0,ADVANCE_CAPITAL_I_INC,2014-02-06,MORGAN STANLEY DEAN WITTER & COMPANY,COMMON STOCK,950.0,30300.0
238,2113.0,ADVANCE_CAPITAL_I_INC,2013-10-21,CONVERGYS CORP,CONVERTIBLE,321.0,17100.0
241,327.0,ADVANCE_CAPITAL_I_INC,2016-08-09,TYSON FOODS INC,COMMON STOCK,354.0,5300.0
244,339.0,ADVANCE_CAPITAL_I_INC,2013-05-01,RF MICRO DEVICES INC,COMMONSTOCK,148.0,27800.0
246,1431.0,ADVANCE_CAPITAL_I_INC,2014-11-07,RAYTHEON CO,COMMON STOCK,1839.0,18100.0
247,884.0,ADVANCE_CAPITAL_I_INC,2015-08-03,FLUOR CORP,COMMON STOCK,1230.0,23200.0
252,217.0,ADVANCE_CAPITAL_I_INC,2013-05-01,GENERAL DYNAMICS COR,COMMONSTOCK,394.0,5590.0
253,146.0,ADVANCE_CAPITAL_I_INC,2013-05-01,CADENCE DESIGN SYSTE,COMMONSTOCK,383.0,27500.0
255,804.0,ADVANCE_CAPITAL_I_INC,2012-11-07,AMERIGROUP CORP,COMMONSTOCK,457.0,5000.0
256,1146.0,ADVANCE_CAPITAL_I_INC,2015-05-07,SEAWORLD ENTERTAIN,COMMON STOCK,947.0,49100.0
257,298.0,ADVANCE_CAPITAL_I_INC,2013-05-01,NORDSON CORP,COMMONSTOCK,356.0,5400.0
258,1328.0,ADVANCE_CAPITAL_I_INC,2012-08-09,MONSTER BEVERAGE COR,COMMONSTOCK,840.0,11800.0
260,5.0,Adirondack_Funds,2013-05-06,ALCATEL-LUCENT,SPONSORED ADR,588.0,441740.0
261,296.0,ADVANCE_CAPITAL_I_INC,2013-05-01,NATIONAL INSTRUMENTS,COMMONSTOCK,311.0,9500.0
262,1311.0,ADVANCE_CAPITAL_I_INC,2015-02-05,TE CONNECTIVITY LTD,COMMON STOCK,1992.0,31500.0
264,2370.0,ADVANCE_CAPITAL_I_INC,2013-10-21,WASHINGTON FEDERAL,COMMON STOCK,333.0,16100.0
267,1929.0,ADVANCE_CAPITAL_I_INC,2014-02-06,OLIN CORP,COMMON STOCK,698.0,24200.0
268,307.0,ADVANCE_CAPITAL_I_INC,2013-05-01,NUANCE COMMUNICATION,COMMONSTOCK,666.0,33000.0
270,1727.0,ADVANCE_CAPITAL_I_INC,2014-05-15,RAYONIER INC,COMMON STOCK,1189.0,25900.0
272,338.0,ADVANCE_CAPITAL_I_INC,2013-05-01,REGENERON PHARMACEUT,COMMONSTOCK,512.0,2900.0
273,829.0,ADVANCE_CAPITAL_I_INC,2015-08-03,AVIS BUDGET GROUP,COMMON STOCK,507.0,11500.0
275,1408.0,ADVANCE_CAPITAL_I_INC,2014-11-07,NORWEGIAN CRUISE,COMMON STOCK,1318.0,36600.0
279,2304.0,ADVANCE_CAPITAL_I_INC,2013-10-21,SILICON VALLEY BANCSHARES,COMMON STOCK,354.0,4100.0
280,1703.0,ADVANCE_CAPITAL_I_INC,2014-05-15,NATIONAL OILWELL VARCO INC,COMMON STOCK,888.0,11400.0
283,1619.0,ADVANCE_CAPITAL_I_INC,2014-05-15,BIOMED REALTY TRUST INC,COMMON STOCK,1240.0,60500.0
287,1716.0,ADVANCE_CAPITAL_I_INC,2012-05-15,PRINCIPAL FINANCIAL,COMMONSTOCK,363.0,12300.0
288,303.0,ADVANCE_CAPITAL_I_INC,2013-05-01,NORTHERN OIL & GAS,COMMONSTOCK,313.0,21800.0
290,1025.0,ADVANCE_CAPITAL_I_INC,2015-05-07,ASCENA RETAIL GROUP,COMMON STOCK,1052.0,72500.0
291,1918.0,ADVANCE_CAPITAL_I_INC,2014-02-06,MSC INDUSTRIAL DIREC,COMMON STOCK,243.0,3000.0
292,4.0,Adirondack_Funds,2015-11-10,AT&T INC,COM,450.0,13800.0
295,2369.0,ADVANCE_CAPITAL_I_INC,2013-10-21,WABTEC,COMMON STOCK,566.0,9000.0
297,1953.0,ADVANCE_CAPITAL_I_INC,2014-02-06,EVEREST REINSURANCE,COMMON STOCK,811.0,5200.0
298,1845.0,ADVANCE_CAPITAL_I_INC,2012-02-02,PROCTER & GAMBLE CO/THE,COMMONSTOCK,4236.0,63500.0
299,1680.0,ADVANCE_CAPITAL_I_INC,2014-05-15,JONES LANG LASALLE INC,COMMON STOCK,1280.0,10800.0
300,1839.0,ADVANCE_CAPITAL_I_INC,2012-02-02,PEABODY ENERGY CORP,COMMONSTOCK,450.0,13600.0
301,409.0,ADVANCE_CAPITAL_I_INC,2013-05-01,UNITED TECHNOLOGIES,COMMONSTOCK,841.0,9000.0
302,253.0,ADVANCE_CAPITAL_I_INC,2013-05-01,JONES LANG LASALLE,COMMONSTOCK,427.0,4300.0
304,712.0,ADVANCE_CAPITAL_I_INC,2015-10-27,OWENS-ILLINOIS,COMMON STOCK,383.0,18500.0
305,651.0,ADVANCE_CAPITAL_I_INC,2015-10-27,CON-WAY INC.,COMMON STOCK,384.0,8100.0
306,1343.0,ADVANCE_CAPITAL_I_INC,2014-11-07,AVERY DENNISON CORPORATION,COMMON STOCK,1353.0,30300.0
309,110.0,ADVANCE_CAPITAL_I_INC,2016-11-01,ASSURED GUARANTY LTD,COMMON STOCK,216.0,7800.0
313,1637.0,ADVANCE_CAPITAL_I_INC,2012-05-15,J2 GLOBAL COMM,COMMONSTOCK,892.0,31100.0
314,1388.0,ADVANCE_CAPITAL_I_INC,2014-11-07,INTERACTIVE BROKERS GROUP,COMMON STOCK,1664.0,66700.0
315,1804.0,ADVANCE_CAPITAL_I_INC,2014-02-06,CHURCH & DWIGHT INC,COMMON STOCK,835.0,12600.0
316,832.0,ADVANCE_CAPITAL_I_INC,2012-11-07,BROADRIDGE FINANCIAL,COMMONSTOCK,415.0,17800.0
317,246.0,ADVANCE_CAPITAL_I_INC,2016-08-09,ENVISION HEALTHCARE,COMMON STOCK,363.0,14300.0
319,348.0,ADVANCE_CAPITAL_I_INC,2013-05-01,RPM INTERNATIONAL,COMMONSTOCK,414.0,13100.0
320,1849.0,ADVANCE_CAPITAL_I_INC,2014-02-06,FORTUNE BRANDS HOME & SECURITIES,COMMON STOCK,1024.0,22400.0
321,95.0,Adirondack_Funds,2013-05-06,YAHOO INC,COM,760.0,32300.0
322,1624.0,ADVANCE_CAPITAL_I_INC,2014-05-15,CON-WAY INC,COMMON STOCK,1187.0,28900.0
323,325.0,ADVANCE_CAPITAL_I_INC,2016-08-09,TIME INC,COMMON STOCK,211.0,12800.0
324,1669.0,ADVANCE_CAPITAL_I_INC,2014-05-15,HARSCO CORP,COMMON STOCK,944.0,40300.0
325,1060.0,ADVANCE_CAPITAL_I_INC,2015-05-07,EDWARDS LIFESCIENCES CORP,COMMON STOCK,541.0,3800.0
326,1776.0,ADVANCE_CAPITAL_I_INC,2014-02-06,ALEXANDRIA REAL EST,COMMON STOCK,623.0,9800.0
328,1957.0,ADVANCE_CAPITAL_I_INC,2014-02-06,REGIS CORP,COMMON STOCK,438.0,30200.0
329,23.0,Adirondack_Funds,2013-05-06,COCA COLA BOTTLING CO CONS,COM,1924.0,31895.0
330,333.0,ADVANCE_CAPITAL_I_INC,2016-08-09,UNITEDHEALTH GROUP I,COMMON STOCK,720.0,5100.0
333,1400.0,ADVANCE_CAPITAL_I_INC,2014-11-07,MASCO CORP,COMMON STOCK,2012.0,84100.0
334,879.0,ADVANCE_CAPITAL_I_INC,2015-08-03,FAMILY DOLLAR STORES,COMMON STOCK,701.0,8900.0
335,389.0,ADVANCE_CAPITAL_I_INC,2016-05-09,EP ENERGY CORP,COMMON STOCK,166.0,36800.0
338,1745.0,ADVANCE_CAPITAL_I_INC,2014-05-15,DOMTAR CORP,COMMON STOCK,1358.0,12100.0
339,240.0,ADVANCE_CAPITAL_I_INC,2016-08-09,DOLLAR TREE INC,COMMON STOCK,547.0,5800.0
340,446.0,ADVANCE_CAPITAL_I_INC,2016-05-09,ROCKWELL AUTOMATION,COMMON STOCK,626.0,5500.0
341,370.0,ADVANCE_CAPITAL_I_INC,2016-05-09,CBL & ASSOCIATES,COMMON STOCK,165.0,13900.0
342,200.0,ADVANCE_CAPITAL_I_INC,2013-05-01,FASTENAL CO,COMMONSTOCK,329.0,6400.0
344,2329.0,ADVANCE_CAPITAL_I_INC,2013-10-21,TELEFLEX INC,COMMON STOCK,444.0,5400.0
346,312.0,ADVANCE_CAPITAL_I_INC,2016-08-09,RR DONNELLEY & SONS,COMMON STOCK,215.0,12700.0
353,2307.0,ADVANCE_CAPITAL_I_INC,2013-10-21,SILGAN HOLDINGS INC,COMMON STOCK,202.0,4300.0
354,412.0,ADVANCE_CAPITAL_I_INC,2013-05-01,VALUECLICK INC,COMMONSTOCK,204.0,6900.0
356,2169.0,ADVANCE_CAPITAL_I_INC,2013-10-21,GENESEE & WYOMING,COMMON STOCK,446.0,4800.0
357,1875.0,ADVANCE_CAPITAL_I_INC,2014-02-06,HILLSHIRE BRANDS CO,COMMON STOCK,589.0,17600.0
358,559.0,ADVANCE_CAPITAL_I_INC,2016-02-08,LEUCADIA NATIONAL,COMMON STOCK,271.0,15600.0
362,2170.0,ADVANCE_CAPITAL_I_INC,2013-10-21,GREAT PLAINS ENERGY,COMMON STOCK,455.0,20500.0
365,290.0,ADVANCE_CAPITAL_I_INC,2016-08-09,MILLER HERMAN INC,COMMON STOCK,209.0,7000.0
367,100.0,Adirondack_Funds,2015-11-10,XEROX CORP,COM,449.0,46150.0
369,1646.0,ADVANCE_CAPITAL_I_INC,2014-05-15,EAST WEST BANCORP INC,COMMON STOCK,1179.0,32300.0
371,1815.0,ADVANCE_CAPITAL_I_INC,2014-02-06,COSTCO,COMMON STOCK,427.0,3590.0
372,1174.0,ADVANCE_CAPITAL_I_INC,2015-05-07,WESTLAKE CHEMICAL,COMMON STOCK,748.0,10400.0
373,1026.0,ADVANCE_CAPITAL_I_INC,2012-11-07,PENTAIR INC,COMMONSTOCK,258.0,5800.0
374,21.0,Adirondack_Funds,2013-05-06,CHRISTOPHER & BANKS CORP,COM,663.0,103163.0
377,688.0,ADVANCE_CAPITAL_I_INC,2013-02-08,REYNOLDS AMERICAN,COMMONSTOCK,323.0,7800.0
380,46.0,Adirondack_Funds,2013-05-06,GFI GROUP INC,COM,119.0,35603.0
382,387.0,ADVANCE_CAPITAL_I_INC,2013-05-01,TRIMBLE NAVIGATION,COMMONSTOCK,738.0,24600.0
383,517.0,ADVANCE_CAPITAL_I_INC,2016-02-08,E TRADE FINANCIAL CO,COMMON STOCK,353.0,11900.0
385,2312.0,ADVANCE_CAPITAL_I_INC,2013-10-21,SYNOVUS FINANCIAL CO,COMMON STOCK,436.0,132100.0
389,846.0,ADVANCE_CAPITAL_I_INC,2012-11-07,CULLEN FROST BANKERS,COMMONSTOCK,356.0,6200.0
392,1810.0,ADVANCE_CAPITAL_I_INC,2014-02-06,CONCUR TECHNOLOGIES,COMMON STOCK,681.0,6600.0
395,232.0,ADVANCE_CAPITAL_I_INC,2013-05-01,HEALTH MANAGEMENT AS,COMMONSTOCK,324.0,25200.0
398,938.0,ADVANCE_CAPITAL_I_INC,2015-08-03,MICROSOFT,COMMON STOCK,945.0,21400.0
400,1014.0,ADVANCE_CAPITAL_I_INC,2015-05-07,ALLIED WORLD,COMMON STOCK,283.0,7000.0
404,788.0,ADVANCE_CAPITAL_I_INC,2015-10-27,OUTFRONT MEDIA INC.,COMMON STOCK,347.0,16700.0
406,1981.0,ADVANCE_CAPITAL_I_INC,2014-02-06,TELEPHONE & DATA SYS,COMMON STOCK,567.0,22000.0
407,1725.0,ADVANCE_CAPITAL_I_INC,2014-05-15,ROSETTA RESOURCES INC,COMMON STOCK,1123.0,24100.0
408,1819.0,ADVANCE_CAPITAL_I_INC,2014-02-06,CHARLES RIVER LABORATORIES,COMMON STOCK,599.0,11300.0
409,144.0,ADVANCE_CAPITAL_I_INC,2013-05-01,COMMERCE BANCSHARES,COMMONSTOCK,310.0,7600.0
410,1603.0,ADVANCE_CAPITAL_I_INC,2014-05-15,AMC NETWORKS INC,COMMON STOCK,1228.0,16800.0
411,1446.0,ADVANCE_CAPITAL_I_INC,2014-11-07,UNITED THERAPEUTICS,COMMON STOCK,2264.0,17600.0
412,2295.0,ADVANCE_CAPITAL_I_INC,2013-10-21,RPM INTERNATIONAL INC,COMMON STOCK,453.0,12500.0
413,915.0,ADVANCE_CAPITAL_I_INC,2012-11-07,FOREST LABORATORIES,COMMONSTOCK,238.0,6685.0
414,1708.0,ADVANCE_CAPITAL_I_INC,2014-05-15,OSHKOSH CORP,COMMON STOCK,1330.0,22600.0
417,2372.0,ADVANCE_CAPITAL_I_INC,2013-10-21,WEBSTER FINANCIAL,COMMON STOCK,334.0,13100.0
419,1648.0,ADVANCE_CAPITAL_I_INC,2014-05-15,FTI CONSULTING INC,COMMON STOCK,927.0,27800.0
420,2123.0,ADVANCE_CAPITAL_I_INC,2013-10-21,3D SYSTEMS CORP,COMMON STOCK,470.0,8700.0
421,57.0,Adirondack_Funds,2013-05-06,JOURNAL COMMUNICATIONS INC,CL A,2786.0,414619.0
422,404.0,ADVANCE_CAPITAL_I_INC,2016-05-09,HOLLYFRONTIER CORP,COMMON STOCK,540.0,15300.0
424,304.0,ADVANCE_CAPITAL_I_INC,2013-05-01,NATIONAL OILWELL,COMMONSTOCK,1665.0,23530.0
426,2303.0,ADVANCE_CAPITAL_I_INC,2013-10-21,SIGNET JEWELERS,COMMON STOCK,545.0,7600.0
427,1910.0,ADVANCE_CAPITAL_I_INC,2014-02-06,MOHAWK INDUSTRIES,COMMON STOCK,342.0,2300.0
429,1272.0,ADVANCE_CAPITAL_I_INC,2015-02-05,OCCIDENTAL PETROLEUM,COMMON STOCK,1346.0,16700.0
430,340.0,ADVANCE_CAPITAL_I_INC,2013-05-01,REINSURANCE GROUP,COMMONSTOCK,1551.0,26000.0
432,1786.0,ADVANCE_CAPITAL_I_INC,2014-02-06,BED BATH & BEYOND I NC.*,COMMON STOCK,666.0,8300.0
436,2333.0,ADVANCE_CAPITAL_I_INC,2013-10-21,TIBCO SOFTWARE INC,COMMON STOCK,230.0,9000.0
437,795.0,ADVANCE_CAPITAL_I_INC,2015-10-27,SPRINGLEAF HOLDINGS,COMMON STOCK,393.0,9000.0
438,1838.0,ADVANCE_CAPITAL_I_INC,2014-02-06,DREAMWORKS ANIMATION,COMMON STOCK,564.0,15900.0
439,2277.0,ADVANCE_CAPITAL_I_INC,2013-10-21,PANERA BREAD CO,COMMON STOCK,729.0,4600.0
441,1054.0,ADVANCE_CAPITAL_I_INC,2015-05-07,DELPHI AUTOMOTIVE,COMMON STOCK,1690.0,21200.0
442,1592.0,ADVANCE_CAPITAL_I_INC,2014-05-15,AMERISOURCEBERGEN CORP,COMMON STOCK,1200.0,18300.0
444,225.0,ADVANCE_CAPITAL_I_INC,2016-08-09,BROCADE COMMUNICATIONS SYSTEMS,COMMON STOCK,243.0,26500.0
446,1902.0,ADVANCE_CAPITAL_I_INC,2014-02-06,LOUISIANA-PACIFIC CO,COMMON STOCK,750.0,40500.0
447,1267.0,ADVANCE_CAPITAL_I_INC,2015-02-05,MURPHY OIL CORP,COMMON STOCK,849.0,16800.0
448,12.0,Adirondack_Funds,2013-05-06,BEBE STORES INC,COM,1275.0,305808.0
449,1973.0,ADVANCE_CAPITAL_I_INC,2014-02-06,STERIS CORP,COMMON STOCK,682.0,14200.0
450,1795.0,ADVANCE_CAPITAL_I_INC,2014-02-06,PEABODY ENERGY,COMMON STOCK,780.0,39930.0
451,1845.0,ADVANCE_CAPITAL_I_INC,2014-02-06,ESSEX PROPERTY TRUST,COMMON STOCK,244.0,1700.0
452,1498.0,ADVANCE_CAPITAL_I_INC,2012-05-15,AIR PRODUCTS & CHEMI,COMMONSTOCK,551.0,6000.0
453,975.0,ADVANCE_CAPITAL_I_INC,2015-08-03,SPECTRUM BRANDS,COMMON STOCK,734.0,7200.0
454,1966.0,ADVANCE_CAPITAL_I_INC,2014-02-06,RIVERBED TECHNOLOGY,COMMON STOCK,730.0,40400.0
457,48.0,Adirondack_Funds,2013-05-06,HARDINGE INC,COM,1356.0,99510.0
458,1858.0,ADVANCE_CAPITAL_I_INC,2014-02-06,FULTON FINANCIAL COR,COMMON STOCK,666.0,50900.0
459,2715.0,ADVANCE_CAPITAL_I_INC,2013-08-13,WASTE CONNECTIONS,COMMON STOCK,490.0,11900.0
461,744.0,ADVANCE_CAPITAL_I_INC,2015-10-27,VISHAY INTERTECHNOLO,COMMON STOCK,351.0,36200.0
462,1345.0,ADVANCE_CAPITAL_I_INC,2012-08-09,NORTHROP GRUMMAN,COMMONSTOCK,234.0,3669.0
463,1690.0,ADVANCE_CAPITAL_I_INC,2014-05-15,LIFE TIME FITNESS INC,COMMON STOCK,1159.0,24100.0
464,1461.0,ADVANCE_CAPITAL_I_INC,2014-11-07,ZIMMER HOLDINGS INC,COMMON STOCK,2413.0,24000.0
465,1828.0,ADVANCE_CAPITAL_I_INC,2014-02-06,COMMUNITY HEALTH SYS,COMMON STOCK,703.0,17900.0
468,375.0,ADVANCE_CAPITAL_I_INC,2016-05-09,CNA FINANCIAL CORP,COMMON STOCK,563.0,17500.0
470,2189.0,ADVANCE_CAPITAL_I_INC,2013-10-21,INTERNATIONAL BANCSH,COMMON STOCK,242.0,11200.0
471,300.0,ADVANCE_CAPITAL_I_INC,2013-05-01,NEWMARKET CORP,COMMONSTOCK,260.0,1000.0
472,1848.0,ADVANCE_CAPITAL_I_INC,2012-02-02,REYNOLDS AMERICAN INC,COMMONSTOCK,509.0,12300.0
473,1041.0,ADVANCE_CAPITAL_I_INC,2015-05-07,CIMAREX ENERGY CO,COMMON STOCK,414.0,3600.0
474,1667.0,ADVANCE_CAPITAL_I_INC,2014-05-15,HEALTH NET INC,COMMON STOCK,1279.0,37600.0
477,2429.0,ADVANCE_CAPITAL_I_INC,2013-08-13,BLACKROCK INC,COMMON STOCK,873.0,3400.0
478,1783.0,ADVANCE_CAPITAL_I_INC,2014-02-06,AVNET INC,COMMON STOCK,794.0,18000.0
480,136.0,ADVANCE_CAPITAL_I_INC,2013-05-01,BANK OF HAWAII CORP,COMMONSTOCK,234.0,4600.0
481,85.0,Adirondack_Funds,2013-05-06,TELLABS INC,COM,168.0,80171.0
482,1346.0,ADVANCE_CAPITAL_I_INC,2014-11-07,BED BATH & BEYOND INC.*,COMMON STOCK,1876.0,28500.0
485,308.0,ADVANCE_CAPITAL_I_INC,2016-08-09,QUALCOMM INC,COMMON STOCK,696.0,13000.0
486,881.0,ADVANCE_CAPITAL_I_INC,2015-08-03,FIFTH THIRD BANCORP,COMMON STOCK,693.0,33300.0
490,1906.0,ADVANCE_CAPITAL_I_INC,2014-02-06,MDC HOLDINGS INC,COMMON STOCK,706.0,21900.0
492,611.0,ADVANCE_CAPITAL_I_INC,2016-02-08,VALMONT INDUSTRIES,COMMON STOCK,212.0,2000.0
493,1927.0,ADVANCE_CAPITAL_I_INC,2014-02-06,CORPORATE OFFICE,COMMON STOCK,649.0,27400.0
497,1864.0,ADVANCE_CAPITAL_I_INC,2014-02-06,GRANITE CONSTRUCTION,COMMON STOCK,745.0,21300.0
498,922.0,ADVANCE_CAPITAL_I_INC,2015-08-03,KOSMOS ENERGY LTD,COMMON STOCK,636.0,75500.0
499,674.0,ADVANCE_CAPITAL_I_INC,2015-10-27,HELMERICH & PAYNE,COMMON STOCK,350.0,7400.0
500,1533.0,ADVANCE_CAPITAL_I_INC,2014-08-05,MARATHON OIL CORP,COMMON STOCK,1717.0,43000.0
503,76.0,Adirondack_Funds,2015-11-10,PFIZER INC,COM,327.0,10425.0
506,751.0,ADVANCE_CAPITAL_I_INC,2015-10-27,WHOLE FOODS,COMMON STOCK,712.0,22500.0
508,255.0,ADVANCE_CAPITAL_I_INC,2016-08-09,TWENTY-FIRST CENTURY,COMMON STOCK,517.0,19100.0
510,207.0,ADVANCE_CAPITAL_I_INC,2016-08-09,AMERICAN EAGLE,COMMON STOCK,190.0,11900.0
511,1838.0,ADVANCE_CAPITAL_I_INC,2012-02-02,ORACLE CORP,COMMONSTOCK,274.0,10700.0
513,2342.0,ADVANCE_CAPITAL_I_INC,2013-10-21,TRACTOR SUPPLY CO,COMMON STOCK,873.0,13000.0
514,1754.0,ADVANCE_CAPITAL_I_INC,2014-05-15,WATSCO INC,COMMON STOCK,1189.0,11900.0
515,1700.0,ADVANCE_CAPITAL_I_INC,2014-05-15,NOBLE CORP PLC,COMMON STOCK,940.0,28700.0
517,2132.0,ADVANCE_CAPITAL_I_INC,2013-10-21,DRIL-QUIP INC,COMMON STOCK,390.0,3400.0
518,1093.0,ADVANCE_CAPITAL_I_INC,2015-05-07,KENNAMETAL INC,COMMON STOCK,862.0,25600.0
520,1050.0,ADVANCE_CAPITAL_I_INC,2015-05-07,CONCHO RESOURCES INC,COMMON STOCK,429.0,3700.0
523,713.0,ADVANCE_CAPITAL_I_INC,2015-10-27,PACKAGING CORP OF AM,COMMON STOCK,397.0,6600.0
524,1840.0,ADVANCE_CAPITAL_I_INC,2012-02-02,PEPSICO INC,COMMONSTOCK,3603.0,54300.0
525,1605.0,ADVANCE_CAPITAL_I_INC,2014-05-15,APACHE CORP,COMMON STOCK,921.0,11100.0
526,1836.0,ADVANCE_CAPITAL_I_INC,2012-02-02,NORTHERN TRUST CORP,COMMONSTOCK,520.0,13100.0
527,564.0,ADVANCE_CAPITAL_I_INC,2016-02-08,MARATHON PETROLEUM,COMMON STOCK,358.0,6900.0
528,1818.0,ADVANCE_CAPITAL_I_INC,2012-05-15,WARNACO GROUP INC,COMMONSTOCK,257.0,4400.0
529,231.0,ADVANCE_CAPITAL_I_INC,2013-05-01,HELIX ENERGY,COMMONSTOCK,227.0,9900.0
531,1018.0,ADVANCE_CAPITAL_I_INC,2015-05-07,ANN INC.,COMMON STOCK,1005.0,24500.0
532,2191.0,ADVANCE_CAPITAL_I_INC,2013-10-21,IDEXX LABORATORIES,COMMON STOCK,518.0,5200.0
534,1865.0,ADVANCE_CAPITAL_I_INC,2014-02-06,HANCOCK HOLDING CO,COMMON STOCK,712.0,19400.0
535,606.0,ADVANCE_CAPITAL_I_INC,2016-02-08,UNITED CONTINENTAL HOLDINGS,COMMON STOCK,550.0,9600.0
536,1844.0,ADVANCE_CAPITAL_I_INC,2012-02-02,PRINCIPAL FINANCIAL GROUP,COMMONSTOCK,303.0,12300.0
539,412.0,ADVANCE_CAPITAL_I_INC,2016-05-09,IRON MOUNTAIN INC,COMMON STOCK,214.0,6300.0
540,665.0,ADVANCE_CAPITAL_I_INC,2015-10-27,EDISON INTERNATIONAL,COMMON STOCK,612.0,9700.0
542,2239.0,ADVANCE_CAPITAL_I_INC,2013-10-21,MORGAN STANLEY DEAN WITTER  & COMPANY,COMMON STOCK,817.0,30300.0
543,278.0,ADVANCE_CAPITAL_I_INC,2016-08-09,KOHLS CORPORATION,COMMON STOCK,231.0,6100.0
547,638.0,ADVANCE_CAPITAL_I_INC,2015-10-27,BLACK HILLS CORP,COMMON STOCK,393.0,9500.0
549,1943.0,ADVANCE_CAPITAL_I_INC,2014-02-06,PNM RESOURCES INC,COMMON STOCK,658.0,27300.0
551,69.0,Adirondack_Funds,2015-11-10,OFFICE DEPOT INC,COM,1525.0,237565.0
555,2145.0,ADVANCE_CAPITAL_I_INC,2013-10-21,EXTRA SPACE STORAGE,COMMON STOCK,435.0,9500.0
558,1813.0,ADVANCE_CAPITAL_I_INC,2014-02-06,COACH INC,COMMON STOCK,1092.0,19450.0
562,686.0,ADVANCE_CAPITAL_I_INC,2015-10-27,JACOBS ENGINEERING,COMMON STOCK,288.0,7700.0
566,305.0,ADVANCE_CAPITAL_I_INC,2016-08-09,PLANTRONICS INC,COMMON STOCK,286.0,6500.0
569,1925.0,ADVANCE_CAPITAL_I_INC,2014-02-06,OMNICARE INC,COMMON STOCK,670.0,11100.0
571,2310.0,ADVANCE_CAPITAL_I_INC,2013-10-21,SENIOR HOUSING PROP,COMMON STOCK,411.0,17600.0
572,220.0,ADVANCE_CAPITAL_I_INC,2013-05-01,GILEAD SCIENCES INC,COMMONSTOCK,1222.0,24960.0
573,2381.0,ADVANCE_CAPITAL_I_INC,2013-10-21,WHITEWAVE FOODS CO,COMMON STOCK,318.0,15900.0
574,445.0,ADVANCE_CAPITAL_I_INC,2016-05-09,RALPH LAUREN CORP,COMMON STOCK,549.0,5700.0
575,1859.0,ADVANCE_CAPITAL_I_INC,2012-02-02,UNUM GROUP,COMMONSTOCK,461.0,21900.0
578,711.0,ADVANCE_CAPITAL_I_INC,2015-10-27,OLD DOMINION FREIGHT,COMMON STOCK,268.0,4400.0
579,1033.0,ADVANCE_CAPITAL_I_INC,2015-05-07,BROWN & BROWN INC,COMMON STOCK,268.0,8100.0
581,299.0,ADVANCE_CAPITAL_I_INC,2016-08-09,NEUSTAR INC,COMMON STOCK,240.0,10200.0
583,773.0,ADVANCE_CAPITAL_I_INC,2015-10-27,COMCAST,COMMON STOCK,515.0,9000.0
584,162.0,ADVANCE_CAPITAL_I_INC,2013-05-01,COPART INC,COMMONSTOCK,236.0,6900.0
586,1217.0,ADVANCE_CAPITAL_I_INC,2015-02-05,CONOCOPHILLIPS,COMMON STOCK,1485.0,21500.0
587,27.0,Adirondack_Funds,2015-11-10,DEAN FOODS CO,COM NEW,4223.0,255658.0
591,28.0,Adirondack_Funds,2013-05-06,COSI INC,COM,560.0,811498.0
592,88.0,Adirondack_Funds,2013-05-06,TRIQUINT SEMICONDUCTOR INC,COM,924.0,182575.0
593,755.0,ADVANCE_CAPITAL_I_INC,2015-10-27,QUANTA SERVICES INC,COMMON STOCK,261.0,10800.0
596,852.0,ADVANCE_CAPITAL_I_INC,2015-08-03,CNO FINANCIAL GROUP,COMMON STOCK,670.0,36500.0
597,343.0,ADVANCE_CAPITAL_I_INC,2013-05-01,RAYMOND JAMES FINANC,COMMONSTOCK,627.0,13600.0
603,204.0,ADVANCE_CAPITAL_I_INC,2013-05-01,FREEPORT-MCMORAN,COMMONSTOCK,1094.0,33040.0
606,580.0,ADVANCE_CAPITAL_I_INC,2016-02-08,PACCAR INC,COMMON STOCK,450.0,9500.0
607,1848.0,ADVANCE_CAPITAL_I_INC,2014-02-06,FIRST AMERICAN FINAN,COMMON STOCK,719.0,25500.0
608,1212.0,ADVANCE_CAPITAL_I_INC,2015-02-05,CLEAN HARBORS INC,COMMON STOCK,875.0,18200.0
609,1160.0,ADVANCE_CAPITAL_I_INC,2015-05-07,TIDEWATER INC,COMMON STOCK,509.0,26600.0
610,1596.0,ADVANCE_CAPITAL_I_INC,2014-05-15,AUTODESK INC,COMMON STOCK,1170.0,23800.0
611,166.0,ADVANCE_CAPITAL_I_INC,2013-05-01,CHARLES RIVER LABORA,COMMONSTOCK,212.0,4800.0
613,1843.0,ADVANCE_CAPITAL_I_INC,2014-02-06,EQUINIX INC,COMMON STOCK,870.0,4900.0
616,949.0,ADVANCE_CAPITAL_I_INC,2015-08-03,NORFOLK SOUTHERN COR,COMMON STOCK,751.0,8600.0
620,1049.0,ADVANCE_CAPITAL_I_INC,2015-05-07,COMPASS MINERALS INT,COMMON STOCK,280.0,3000.0
621,1412.0,ADVANCE_CAPITAL_I_INC,2014-11-07,NEWELL RUBBERMAID,COMMON STOCK,1297.0,37700.0
622,1697.0,ADVANCE_CAPITAL_I_INC,2014-05-15,MICRON TECHNOLOGY INC,COMMON STOCK,1190.0,50300.0
625,205.0,ADVANCE_CAPITAL_I_INC,2013-05-01,FACTSET RESEARCH SYS,COMMONSTOCK,241.0,2600.0
627,972.0,ADVANCE_CAPITAL_I_INC,2015-08-03,SM ENERGY CO,COMMON STOCK,549.0,11900.0
631,1677.0,ADVANCE_CAPITAL_I_INC,2014-05-15,JABIL CIRCUIT INC,COMMON STOCK,1231.0,68400.0
633,382.0,ADVANCE_CAPITAL_I_INC,2016-05-09,DANA HOLDING CORP,COMMON STOCK,176.0,12500.0
635,1773.0,ADVANCE_CAPITAL_I_INC,2014-02-06,ADVANCED MICRO DEVIC,COMMON STOCK,710.0,183500.0
638,2120.0,ADVANCE_CAPITAL_I_INC,2013-10-21,CYTEC INDUSTRIES INC,COMMON STOCK,285.0,3500.0
639,396.0,ADVANCE_CAPITAL_I_INC,2016-05-09,GRACO INC,COMMON STOCK,655.0,7800.0
645,1118.0,ADVANCE_CAPITAL_I_INC,2015-05-07,NOBLE ENERGY INC,COMMON STOCK,1257.0,25700.0
646,2305.0,ADVANCE_CAPITAL_I_INC,2013-10-21,SILICON LABORATORIES,COMMON STOCK,282.0,6600.0
649,1037.0,ADVANCE_CAPITAL_I_INC,2015-05-07,CATAMARAN CORP,COMMON STOCK,1006.0,16900.0
650,366.0,ADVANCE_CAPITAL_I_INC,2016-05-09,BUNGE LTD,COMMON STOCK,414.0,7300.0
651,1994.0,ADVANCE_CAPITAL_I_INC,2014-02-06,ST PAUL TRAVELERS CO,COMMON STOCK,1547.0,17090.0
653,1413.0,ADVANCE_CAPITAL_I_INC,2014-11-07,OASIS PETROLEUM,COMMON STOCK,1233.0,29500.0
654,1705.0,ADVANCE_CAPITAL_I_INC,2014-05-15,REALTY INCOME CORP,COMMON STOCK,1193.0,29200.0
655,1409.0,ADVANCE_CAPITAL_I_INC,2014-11-07,NASDAQ OMX GROUP,COMMON STOCK,1731.0,40800.0
657,1719.0,ADVANCE_CAPITAL_I_INC,2014-05-15,ROWAN COMPANIES PLC,COMMON STOCK,919.0,27300.0
661,563.0,ADVANCE_CAPITAL_I_INC,2016-02-08,LOEWS CORP,COMMON STOCK,361.0,9400.0
662,1872.0,ADVANCE_CAPITAL_I_INC,2014-02-06,HOLOGIC INC,COMMON STOCK,729.0,32600.0
663,604.0,ADVANCE_CAPITAL_I_INC,2013-02-08,JP MORGAN CHASE & CO,COMMONSTOCK,401.0,9110.0
664,909.0,ADVANCE_CAPITAL_I_INC,2015-08-03,INTERNATIONAL GAME T,COMMON STOCK,513.0,28900.0
668,1008.0,ADVANCE_CAPITAL_I_INC,2015-05-07,AECOM TECHNOLOGY,COMMON STOCK,915.0,29700.0
669,2193.0,ADVANCE_CAPITAL_I_INC,2013-10-21,INFORMATICA CORP,COMMON STOCK,265.0,6800.0
670,942.0,ADVANCE_CAPITAL_I_INC,2015-08-03,NATIONAL FUEL GAS,COMMON STOCK,607.0,10300.0
671,1972.0,ADVANCE_CAPITAL_I_INC,2014-02-06,SUPERIOR ENERGY SERV,COMMON STOCK,724.0,27200.0
673,1670.0,ADVANCE_CAPITAL_I_INC,2014-05-15,HSN INC,COMMON STOCK,1081.0,18100.0
674,856.0,ADVANCE_CAPITAL_I_INC,2015-08-03,COMMSCOPE HOLDING CO,COMMON STOCK,500.0,16400.0
677,379.0,ADVANCE_CAPITAL_I_INC,2016-05-09,CISCO,COMMON STOCK,481.0,16900.0
678,1997.0,ADVANCE_CAPITAL_I_INC,2014-02-06,TW TELECOM INC,COMMON STOCK,683.0,22400.0
685,746.0,ADVANCE_CAPITAL_I_INC,2015-10-27,WERNER ENTERPRISES,COMMON STOCK,294.0,11700.0
686,1938.0,ADVANCE_CAPITAL_I_INC,2014-02-06,POLARIS INDUSTRIES,COMMON STOCK,437.0,3000.0
687,1013.0,ADVANCE_CAPITAL_I_INC,2015-05-07,ALBEMARLE CORP,COMMON STOCK,787.0,14900.0
688,1803.0,ADVANCE_CAPITAL_I_INC,2014-02-06,CERNER CORP,COMMON STOCK,825.0,14800.0
690,434.0,ADVANCE_CAPITAL_I_INC,2016-05-09,Newmont Mining Corp,COMMON STOCK,290.0,10900.0
691,37.0,Adirondack_Funds,2013-05-06,EMULEX CORP,COM NEW,1333.0,204207.0
692,609.0,ADVANCE_CAPITAL_I_INC,2016-02-08,URBAN OUTFITTERS,COMMON STOCK,234.0,10300.0
693,2224.0,ADVANCE_CAPITAL_I_INC,2013-10-21,LANDSTAR SYSTEM INC,COMMON STOCK,246.0,4400.0
694,1850.0,ADVANCE_CAPITAL_I_INC,2012-02-02,STRYKER CORP,COMMONSTOCK,482.0,9700.0
695,784.0,ADVANCE_CAPITAL_I_INC,2013-02-08,WEX INC.,COMMONSTOCK,659.0,8750.0
696,1660.0,ADVANCE_CAPITAL_I_INC,2014-05-15,GREAT PLAINS ENERGY INC,COMMON STOCK,1255.0,46400.0
697,650.0,ADVANCE_CAPITAL_I_INC,2015-10-27,COLUMBIA PROPERTY,COMMON STOCK,397.0,17100.0
699,392.0,ADVANCE_CAPITAL_I_INC,2016-05-09,FORD MOTOR,COMMON STOCK,452.0,33500.0
701,1778.0,ADVANCE_CAPITAL_I_INC,2014-02-06,ASSOCIATED BANC-CORP,COMMON STOCK,680.0,39100.0
702,1877.0,ADVANCE_CAPITAL_I_INC,2014-02-06,IAC/INTERACTIVECORP,COMMON STOCK,975.0,14200.0
704,1176.0,ADVANCE_CAPITAL_I_INC,2015-05-07,WYNN RESORTS LTD,COMMON STOCK,529.0,4200.0
705,1954.0,ADVANCE_CAPITAL_I_INC,2014-02-06,REGENCY CENTERS CORP,COMMON STOCK,616.0,13300.0
706,238.0,ADVANCE_CAPITAL_I_INC,2016-08-09,CSX Corp,COMMON STOCK,587.0,22500.0
709,35.0,Adirondack_Funds,2015-11-10,FIRSTMERIT CORP,COM,5586.0,316139.0
710,1331.0,ADVANCE_CAPITAL_I_INC,2015-02-05,WHITING PETROLEUM,COMMON STOCK,498.0,15100.0
711,489.0,ADVANCE_CAPITAL_I_INC,2016-02-08,BELDEN CDT INC,COMMON STOCK,315.0,6600.0
712,601.0,ADVANCE_CAPITAL_I_INC,2016-02-08,TEREX CORP,COMMON STOCK,194.0,10500.0
713,541.0,ADVANCE_CAPITAL_I_INC,2016-02-08,HEWLETT PACKARD ENTE,COMMON STOCK,233.0,15300.0
714,187.0,ADVANCE_CAPITAL_I_INC,2013-05-01,DUKE REALTY INVESTME,COMMONSTOCK,316.0,18600.0
715,846.0,ADVANCE_CAPITAL_I_INC,2015-08-03,CHIMERA INVESTMENT,COMMON STOCK,415.0,30300.0
716,33.0,Adirondack_Funds,2015-11-10,EXELON CORP,COM,352.0,11840.0
718,514.0,ADVANCE_CAPITAL_I_INC,2016-02-08,Dentsply Internation,COMMON STOCK,1546.0,25400.0
720,265.0,ADVANCE_CAPITAL_I_INC,2013-05-01,KANSAS CITY SOUTHERN,COMMONSTOCK,909.0,8200.0
721,1124.0,ADVANCE_CAPITAL_I_INC,2015-05-07,OMEGA HEALTHCARE,COMMON STOCK,268.0,6600.0
722,1722.0,ADVANCE_CAPITAL_I_INC,2014-05-15,ROYAL GOLD INC,COMMON STOCK,1415.0,22600.0
723,1004.0,ADVANCE_CAPITAL_I_INC,2015-08-03,WORTHINGTON INDUSTRI,COMMON STOCK,706.0,23500.0
725,1318.0,ADVANCE_CAPITAL_I_INC,2015-02-05,TUPPERWARE BRANDS,COMMON STOCK,844.0,13400.0
726,863.0,ADVANCE_CAPITAL_I_INC,2015-08-03,DECKERS OUTDOOR,COMMON STOCK,605.0,8400.0
727,141.0,ADVANCE_CAPITAL_I_INC,2013-05-01,CARDINAL HEALTH INC,COMMONSTOCK,745.0,17890.0
730,130.0,ADVANCE_CAPITAL_I_INC,2013-05-01,BED BATH & BEYOND I,COMMONSTOCK,1031.0,16000.0
732,969.0,ADVANCE_CAPITAL_I_INC,2015-08-03,SEAGATE TECHNOLOGY,COMMON STOCK,789.0,16600.0
733,2003.0,ADVANCE_CAPITAL_I_INC,2014-02-06,UNITED NATURAL FOODS,COMMON STOCK,618.0,8200.0
734,69.0,Adirondack_Funds,2013-05-06,NN INC,COM,1188.0,125571.0
735,1602.0,ADVANCE_CAPITAL_I_INC,2014-05-15,ALASKA AIR GROUP INC,COMMON STOCK,1400.0,15000.0
737,1761.0,ADVANCE_CAPITAL_I_INC,2014-02-06,AMERICAN CAMPUS,COMMON STOCK,635.0,19700.0
738,341.0,ADVANCE_CAPITAL_I_INC,2016-08-09,VWR CORP,COMMON STOCK,303.0,10500.0
739,1644.0,ADVANCE_CAPITAL_I_INC,2014-05-15,EQUITY ONE,COMMON STOCK,1106.0,49500.0
741,452.0,ADVANCE_CAPITAL_I_INC,2016-05-09,SPIRIT AEROSYSTEMS,COMMON STOCK,345.0,7600.0
744,61.0,Adirondack_Funds,2015-11-10,MICROSOFT CORP,COM,384.0,8675.0
745,310.0,ADVANCE_CAPITAL_I_INC,2016-08-09,RYDER SYSTEM INC,COMMON STOCK,202.0,3300.0
749,1974.0,ADVANCE_CAPITAL_I_INC,2014-02-06,STATE STREET CORP,COMMON STOCK,991.0,13500.0
750,626.0,ADVANCE_CAPITAL_I_INC,2015-10-27,ALCOA INC.,COMMON STOCK,790.0,81800.0
751,1863.0,ADVANCE_CAPITAL_I_INC,2014-02-06,GOOGLE,COMMON STOCK,1569.0,1400.0
755,732.0,ADVANCE_CAPITAL_I_INC,2015-10-27,TESORO CORP,COMMON STOCK,467.0,4800.0
756,454.0,ADVANCE_CAPITAL_I_INC,2016-05-09,EXTENDED STAY AMERIC,COMMON STOCK,181.0,11100.0
757,1856.0,ADVANCE_CAPITAL_I_INC,2014-02-06,FIDELITY NATIONAL,COMMON STOCK,763.0,23500.0
759,1662.0,ADVANCE_CAPITAL_I_INC,2014-05-15,HESS CORP,COMMON STOCK,912.0,11000.0
760,90.0,Adirondack_Funds,2013-05-06,UNS ENERGY CORP,COM,2569.0,52500.0
761,1192.0,ADVANCE_CAPITAL_I_INC,2012-08-09,CATALYST HEALTH,COMMONSTOCK,1173.0,12550.0
763,215.0,ADVANCE_CAPITAL_I_INC,2016-08-09,AMSURG CORP,COMMON STOCK,287.0,3700.0
766,1019.0,ADVANCE_CAPITAL_I_INC,2015-05-07,AOL INC,COMMON STOCK,230.0,5800.0
768,59.0,Adirondack_Funds,2015-11-10,METLIFE INC,COM,547.0,11600.0
770,473.0,ADVANCE_CAPITAL_I_INC,2013-02-08,BECTON DICKINSON &,COMMONSTOCK,336.0,4300.0
771,363.0,ADVANCE_CAPITAL_I_INC,2016-05-09,BEST BUY CO INC,COMMON STOCK,652.0,20100.0
772,277.0,ADVANCE_CAPITAL_I_INC,2016-08-09,KROGER CO,COMMON STOCK,618.0,16800.0
773,1284.0,ADVANCE_CAPITAL_I_INC,2015-02-05,PENSKE AUTOMOTIVE,COMMON STOCK,1104.0,22500.0
774,1070.0,ADVANCE_CAPITAL_I_INC,2015-05-07,FOSSIL GROUP,COMMON STOCK,668.0,8100.0
775,1147.0,ADVANCE_CAPITAL_I_INC,2015-05-07,SIX FLAGS ENTERTAIN,COMMON STOCK,295.0,6100.0
776,721.0,ADVANCE_CAPITAL_I_INC,2015-10-27,Rockwell Collins Inc,COMMON STOCK,884.0,10800.0
778,2714.0,ADVANCE_CAPITAL_I_INC,2013-08-13,WELLCARE HEALTH PLAN,COMMON STOCK,372.0,6700.0
781,1364.0,ADVANCE_CAPITAL_I_INC,2014-11-07,BRINKER INTERNATIONA,COMMON STOCK,1194.0,23500.0
785,318.0,ADVANCE_CAPITAL_I_INC,2016-08-09,SunTrust Banks Inc,COMMON STOCK,312.0,7600.0
786,843.0,ADVANCE_CAPITAL_I_INC,2015-08-03,CARPENTER TECHNOLOGY,COMMON STOCK,627.0,16200.0
790,314.0,ADVANCE_CAPITAL_I_INC,2016-08-09,SCIENCE APPLICATIONS,COMMON STOCK,268.0,4600.0
791,241.0,ADVANCE_CAPITAL_I_INC,2016-08-09,DELUXE CORP,COMMON STOCK,226.0,3400.0
793,390.0,ADVANCE_CAPITAL_I_INC,2013-05-01,TRW AUTOMOTIVE HOLDI,COMMONSTOCK,283.0,5150.0
794,1639.0,ADVANCE_CAPITAL_I_INC,2014-05-15,DUKE REALTY CORP,COMMON STOCK,1251.0,74100.0
796,288.0,ADVANCE_CAPITAL_I_INC,2013-05-01,MERCK & COMPANY INC,COMMONSTOCK,1949.0,44090.0
797,498.0,ADVANCE_CAPITAL_I_INC,2013-02-08,CHIPOTLE MEXICAN,COMMONSTOCK,297.0,1000.0
798,1847.0,ADVANCE_CAPITAL_I_INC,2014-02-06,EAGLE MATERIALS,COMMON STOCK,689.0,8900.0
801,1351.0,ADVANCE_CAPITAL_I_INC,2014-11-07,BALLY TECHNOLOGIES,COMMON STOCK,1178.0,14600.0
804,1842.0,ADVANCE_CAPITAL_I_INC,2012-02-02,PNC FINANCIAL SERVICES GROUP,COMMONSTOCK,548.0,9500.0
805,352.0,ADVANCE_CAPITAL_I_INC,2016-05-09,AES CORPORATION,COMMON STOCK,216.0,18300.0
806,1785.0,ADVANCE_CAPITAL_I_INC,2014-02-06,BANK OF AMERICA CORP,COMMON STOCK,861.0,55300.0
808,400.0,ADVANCE_CAPITAL_I_INC,2016-05-09,GENWORTH FINANCIAL,COMMON STOCK,125.0,45700.0
810,1753.0,ADVANCE_CAPITAL_I_INC,2014-05-15,BERKLEY W R CORP,COMMON STOCK,1086.0,26100.0
812,709.0,ADVANCE_CAPITAL_I_INC,2013-02-08,SHAW GROUP INC,COMMONSTOCK,317.0,6800.0
815,2213.0,ADVANCE_CAPITAL_I_INC,2013-10-21,KRAFT FOODS GROUP,COMMON STOCK,432.0,8223.0
820,469.0,ADVANCE_CAPITAL_I_INC,2016-05-09,WP GLIMCHER INC.,COMMON STOCK,157.0,16500.0
821,539.0,ADVANCE_CAPITAL_I_INC,2016-02-08,HARMAN INTERNATIONAL,COMMON STOCK,594.0,6300.0
822,1009.0,ADVANCE_CAPITAL_I_INC,2012-11-07,NYSE EURONEXT,COMMONSTOCK,357.0,14500.0
824,1166.0,ADVANCE_CAPITAL_I_INC,2015-05-07,UNIT CORP,COMMON STOCK,722.0,25800.0
825,1951.0,ADVANCE_CAPITAL_I_INC,2014-02-06,QUESTCOR PHARM,COMMON STOCK,643.0,11800.0
826,96.0,Adirondack_Funds,2015-11-10,VISHAY INTERTECHNOLOGY INC,COM,4658.0,480672.0
827,279.0,ADVANCE_CAPITAL_I_INC,2013-05-01,MONDELEZ INTERNATION,COMMONSTOCK,1041.0,34000.0
828,527.0,ADVANCE_CAPITAL_I_INC,2013-02-08,DELL COMPUTER,COMMONSTOCK,225.0,22197.0
830,845.0,ADVANCE_CAPITAL_I_INC,2015-08-03,CHESAPEAKE ENERGY,COMMON STOCK,1001.0,89600.0
831,2006.0,ADVANCE_CAPITAL_I_INC,2014-02-06,UPS,COMMON STOCK,745.0,7090.0
832,1691.0,ADVANCE_CAPITAL_I_INC,2014-05-15,MATTEL INC,COMMON STOCK,1324.0,33000.0
836,203.0,ADVANCE_CAPITAL_I_INC,2016-08-09,AMERISOURCE BERGEN,COMMON STOCK,849.0,10700.0
838,154.0,ADVANCE_CAPITAL_I_INC,2013-05-01,CUMMINS INC,COMMONSTOCK,401.0,3460.0
839,583.0,ADVANCE_CAPITAL_I_INC,2016-02-08,PILGRIM'S PRIDE CORP,COMMON STOCK,338.0,15300.0
841,1183.0,ADVANCE_CAPITAL_I_INC,2015-02-05,ALLIANT TECHSYSTEMS,COMMON STOCK,872.0,7500.0
844,511.0,ADVANCE_CAPITAL_I_INC,2016-02-08,Cummins Inc,COMMON STOCK,246.0,2800.0
845,45.0,Adirondack_Funds,2015-11-10,HUNTSMAN CORP,COM,255.0,26275.0
846,1829.0,ADVANCE_CAPITAL_I_INC,2012-02-02,MEDTRONIC INC,COMMONSTOCK,704.0,18400.0
847,228.0,ADVANCE_CAPITAL_I_INC,2013-05-01,HAWAIIAN ELECTRIC IN,COMMONSTOCK,272.0,9800.0
848,216.0,ADVANCE_CAPITAL_I_INC,2016-08-09,ARAMARK,COMMON STOCK,745.0,22300.0
851,1274.0,ADVANCE_CAPITAL_I_INC,2015-02-05,OCWEN FINANCIAL CORP,COMMON STOCK,548.0,36300.0
854,201.0,ADVANCE_CAPITAL_I_INC,2013-05-01,FORTUNE BRANDS HOME,COMMONSTOCK,719.0,19200.0
857,570.0,ADVANCE_CAPITAL_I_INC,2016-02-08,MICRON TECHNOLOGY,COMMON STOCK,282.0,19900.0
859,2378.0,ADVANCE_CAPITAL_I_INC,2013-10-21,WEINGARTEN REALTY INVESTORS,COMMON STOCK,302.0,10300.0
862,1610.0,ADVANCE_CAPITAL_I_INC,2014-05-15,ATMEL CORP,COMMON STOCK,1179.0,141000.0
864,1666.0,ADVANCE_CAPITAL_I_INC,2014-05-15,HOME PROPERTIES INC,COMMON STOCK,1214.0,20200.0
866,1673.0,ADVANCE_CAPITAL_I_INC,2014-05-15,ITRON INC,COMMON STOCK,963.0,27100.0
867,2233.0,ADVANCE_CAPITAL_I_INC,2013-10-21,MENTOR GRAPHICS CORP,COMMON STOCK,203.0,8700.0
869,1915.0,ADVANCE_CAPITAL_I_INC,2014-02-06,MINE SAFETY APPLIANC,COMMON STOCK,819.0,16000.0
871,844.0,ADVANCE_CAPITAL_I_INC,2015-08-03,CENTERPOINT ENERGY,COMMON STOCK,445.0,23400.0
872,483.0,ADVANCE_CAPITAL_I_INC,2016-02-08,ARTISAN PARTNERS,COMMON STOCK,310.0,8600.0
873,1833.0,ADVANCE_CAPITAL_I_INC,2014-02-06,DRESSER-RAND GROUP,COMMON STOCK,209.0,3500.0
876,328.0,ADVANCE_CAPITAL_I_INC,2016-08-09,TWO HARBORS INVESTME,COMMON STOCK,303.0,35400.0
877,599.0,ADVANCE_CAPITAL_I_INC,2016-02-08,STIFEL FINANCIAL COR,COMMON STOCK,309.0,7300.0
878,1769.0,ADVANCE_CAPITAL_I_INC,2014-02-06,ALEXANDER & BALDWIN,COMMON STOCK,730.0,17500.0
882,1852.0,ADVANCE_CAPITAL_I_INC,2012-02-02,TEXAS INSTRUMENTS INC,COMMONSTOCK,469.0,16100.0
883,1977.0,ADVANCE_CAPITAL_I_INC,2014-02-06,SKYWORKS SOLUTIONS I,COMMON STOCK,1240.0,43400.0
885,689.0,ADVANCE_CAPITAL_I_INC,2015-10-27,JOHNSON CONTROLS INC,COMMON STOCK,463.0,11200.0
886,1620.0,ADVANCE_CAPITAL_I_INC,2014-05-15,BOB EVANS FARMS INC,COMMON STOCK,1111.0,22200.0
888,1638.0,ADVANCE_CAPITAL_I_INC,2014-05-15,DOVER CORP,COMMON STOCK,1243.0,15200.0
889,451.0,ADVANCE_CAPITAL_I_INC,2016-05-09,SCRIPPS NETWORKS,COMMON STOCK,308.0,4700.0
890,1735.0,ADVANCE_CAPITAL_I_INC,2014-05-15,SUPERVALU INC,COMMON STOCK,1092.0,159700.0
891,357.0,ADVANCE_CAPITAL_I_INC,2016-05-09,ARROW ELECTRONIC,COMMON STOCK,206.0,3200.0
892,1604.0,ADVANCE_CAPITAL_I_INC,2014-05-15,ABERCROMBIE & FITCH CO,COMMON STOCK,1309.0,34000.0
894,2015.0,ADVANCE_CAPITAL_I_INC,2014-02-06,VALASSIS COMMUNICATIONS,COMMON STOCK,661.0,19300.0
895,1995.0,ADVANCE_CAPITAL_I_INC,2014-02-06,TRW Automotive Holdings Co,COMMON STOCK,759.0,10200.0
898,3.0,Adirondack_Funds,2013-05-06,AEROPOSTALE,COM,925.0,67987.0
901,1613.0,ADVANCE_CAPITAL_I_INC,2014-05-15,BED BATH & BEYOND INC,COMMON STOCK,1218.0,17700.0
902,1032.0,ADVANCE_CAPITAL_I_INC,2015-05-07,BOK FINANCIAL CORP,COMMON STOCK,661.0,10800.0
903,1865.0,ADVANCE_CAPITAL_I_INC,2012-02-02,WELLS FARGO & CO,COMMONSTOCK,1050.0,38100.0
906,640.0,ADVANCE_CAPITAL_I_INC,2015-10-27,BOOZ ALLEN HAMILTON,COMMON STOCK,435.0,16600.0
907,964.0,ADVANCE_CAPITAL_I_INC,2015-08-03,ROCK-TENN CO,COMMON STOCK,1318.0,21900.0
908,918.0,ADVANCE_CAPITAL_I_INC,2015-08-03,JOY GLOBAL INC,COMMON STOCK,655.0,18100.0
910,1051.0,ADVANCE_CAPITAL_I_INC,2015-05-07,CONTINENTAL RESOURCE,COMMON STOCK,1201.0,27500.0
912,1778.0,ADVANCE_CAPITAL_I_INC,2012-05-15,THOMAS & BETTS,COMMONSTOCK,417.0,5800.0
913,1599.0,ADVANCE_CAPITAL_I_INC,2014-05-15,AGCO CORP,COMMON STOCK,1070.0,19400.0
915,1126.0,ADVANCE_CAPITAL_I_INC,2015-05-07,OWENS CORNING,COMMON STOCK,1050.0,24200.0
916,782.0,ADVANCE_CAPITAL_I_INC,2013-02-08,WESTERN UNION,COMMONSTOCK,958.0,70400.0
918,1133.0,ADVANCE_CAPITAL_I_INC,2015-05-07,PROSPERITY BANCSHARE,COMMON STOCK,866.0,16500.0
919,627.0,ADVANCE_CAPITAL_I_INC,2015-10-27,ALLIANT ENERGY CORP,COMMON STOCK,328.0,5600.0
921,1855.0,ADVANCE_CAPITAL_I_INC,2012-02-02,TJX COMPANIES INC,COMMONSTOCK,484.0,7500.0
922,171.0,ADVANCE_CAPITAL_I_INC,2013-05-01,CSX CORP,COMMONSTOCK,921.0,37410.0
923,1861.0,ADVANCE_CAPITAL_I_INC,2012-02-02,VISA,COMMONSTOCK,497.0,4900.0
926,2067.0,ADVANCE_CAPITAL_I_INC,2013-10-21,BE AEROSPACE INC,COMMON STOCK,716.0,9700.0
928,19.0,Adirondack_Funds,2013-05-06,CAL MAINE FOODS INC,COM NEW,740.0,17398.0
932,1072.0,ADVANCE_CAPITAL_I_INC,2015-05-07,Freeport-McMoRan,COMMON STOCK,1232.0,65000.0
933,1101.0,ADVANCE_CAPITAL_I_INC,2015-05-07,LIFE TIME FITNESS,COMMON STOCK,334.0,4700.0
934,263.0,ADVANCE_CAPITAL_I_INC,2016-08-09,HNI CORP,COMMON STOCK,251.0,5400.0
935,718.0,ADVANCE_CAPITAL_I_INC,2015-10-27,QUESTAR CORP,COMMON STOCK,388.0,20000.0
937,1161.0,ADVANCE_CAPITAL_I_INC,2015-05-07,TIME WARNER CABLE,COMMON STOCK,1514.0,10100.0
943,966.0,ADVANCE_CAPITAL_I_INC,2015-08-03,SANDISK,COMMON STOCK,402.0,6900.0
944,1615.0,ADVANCE_CAPITAL_I_INC,2014-05-15,BRUNSWICK CORP,COMMON STOCK,1101.0,24300.0
945,429.0,ADVANCE_CAPITAL_I_INC,2016-05-09,MCCORMICK & CO INC,COMMON STOCK,1015.0,10200.0
947,1916.0,ADVANCE_CAPITAL_I_INC,2014-02-06,MSCI INC,COMMON STOCK,651.0,14900.0
949,116.0,ADVANCE_CAPITAL_I_INC,2013-05-01,AFFILIATED MANAGERS,COMMONSTOCK,768.0,5000.0
953,631.0,ADVANCE_CAPITAL_I_INC,2015-10-27,ATMOS ENERGY CORP,COMMON STOCK,367.0,6300.0
954,1682.0,ADVANCE_CAPITAL_I_INC,2014-05-15,KB HOME,COMMON STOCK,1041.0,61300.0
955,275.0,ADVANCE_CAPITAL_I_INC,2013-05-01,MASIMO CORP,COMMONSTOCK,198.0,10100.0
957,486.0,ADVANCE_CAPITAL_I_INC,2016-02-08,BALL CORP,COMMON STOCK,284.0,3900.0
958,440.0,ADVANCE_CAPITAL_I_INC,2016-05-09,ORACLE,COMMON STOCK,499.0,12200.0
959,202.0,ADVANCE_CAPITAL_I_INC,2013-05-01,FIRST CASH FINANCIAL,COMMONSTOCK,653.0,11200.0
960,1789.0,ADVANCE_CAPITAL_I_INC,2014-02-06,GENERAL CABLE CORP,COMMON STOCK,688.0,23400.0
961,1626.0,ADVANCE_CAPITAL_I_INC,2014-05-15,CABOT OIL & GAS CORP,COMMON STOCK,854.0,25200.0
962,270.0,ADVANCE_CAPITAL_I_INC,2016-08-09,JETBLUE AIRWAYS CORP,COMMON STOCK,167.0,10100.0
965,914.0,ADVANCE_CAPITAL_I_INC,2015-08-03,JARDEN CORP,COMMON STOCK,725.0,14000.0
967,2344.0,ADVANCE_CAPITAL_I_INC,2013-10-21,TOWERS WATSON & CO,COMMON STOCK,556.0,5200.0
970,1253.0,ADVANCE_CAPITAL_I_INC,2012-08-09,FOSSIL INCORPORATED,COMMONSTOCK,444.0,5800.0
972,1812.0,ADVANCE_CAPITAL_I_INC,2014-02-06,CAPITAL ONE FINANCIAL CORP,COMMON STOCK,1417.0,18500.0
973,618.0,ADVANCE_CAPITAL_I_INC,2016-02-08,WESTERN DIGITAL CORP,COMMON STOCK,252.0,4200.0
974,1881.0,ADVANCE_CAPITAL_I_INC,2014-02-06,WORLD FUEL SERVICES,COMMON STOCK,716.0,16600.0
975,1316.0,ADVANCE_CAPITAL_I_INC,2015-02-05,TIMKEN CO,COMMON STOCK,956.0,22400.0
976,300.0,ADVANCE_CAPITAL_I_INC,2016-08-09,NEW YORK TIMES CO,COMMON STOCK,189.0,15600.0
977,1842.0,ADVANCE_CAPITAL_I_INC,2014-02-06,ENERGIZER HOLDINGS,COMMON STOCK,303.0,2800.0
